Workbook

Sheet Overview
A1: Metric | B1: Value
A2: Total Matches | B2: =COUNTA(Schedule!A2:A200)+COUNTA(Championship!A2:A200) -> 19
A3: Pool Play | B3: =COUNTA(Schedule!A2:A200) -> 9
A4: Championship | B4: =COUNTA(Championship!A2:A200) -> 10
A5: Estimated Finish | B5: 4:30 PM

Sheet Teams
A1: Team | B1: Pool | C1: Seed
A2: Duke | B2: A | C2: A1
A3: Vtech A | B3: A | C3: A2
A4: Clemson A | B4: A | C4: A3
A5: Greensboro Grit | B5: B | C5: B1
A6: Chapel Hill Blues | B6: B | C6: B2
A7: Triad Titans | B7: B | C7: B3
A8: Appstate | B8: C | C8: C1
A9: Emory and Henry | B9: C | C9: C2
A10: WFU | B10: C | C10: C3
A11: Vtech B | B11: C | C11: C4
A12: Clemson B | B12: D | C12: D1
... A15: Outer Banks Orcas | B15: D | C15: D4

Sheet Pool_Play
A1: Time | B1: Field | C1: Team 1 | D1: Score 1 | E1: Team 2 | F1: Score 2 | G1: Winner
A2: 9:00 AM | B2: Field 1 | C2: =IFERROR(INDEX(Teams!A:A,MATCH("A1",Teams!C:C,0)),"A1") -> Duke | D2: 27 | E2: =IFERROR(INDEX(Teams!A:A,MATCH("A2",Teams!C:C,0)),"A2") -> Vtech A | F2: 10 | G2: =IF(OR(D2="",F2=""),"",IF(D2=F2,"Draw",IF(D2>F2,C2,E2))) -> Duke
A3: 9:00 AM | B3: Field 2 | C3: =IFERROR(INDEX(Teams!A:A,MATCH("C1",Teams!C:C,0)),"C1") -> Appstate | D3: 7 | E3: =IFERROR(INDEX(Teams!A:A,MATCH("C2",Teams!C:C,0)),"C2") -> Emory and Henry | F3: 30 | G3: =IF(OR(D3="",F3=""),"",IF(D3=F3,"Draw",IF(D3>F3,C3,E3))) -> Emory and Henry
A4: 9:21 AM | B4: Field 1 | C4: =IFERROR(INDEX(Teams!A:A,MATCH("B1",Teams!C:C,0)),"B1") -> Greensboro Grit | D4: 15 | E4: =IFERROR(INDEX(Teams!A:A,MATCH("B2",Teams!C:C,0)),"B2") -> Chapel Hill Blues | F4: 14 | G4: =IF(OR(D4="",F4=""),"",IF(D4=F4,"Draw",IF(D4>F4,C4,E4))) -> Greensboro Grit
A5: 9:21 AM | B5: Field 2 | C5: =IFERROR(INDEX(Teams!A:A,MATCH("D1",Teams!C:C,0)),"D1") -> Clemson B | D5: 14 | E5: =IFERROR(INDEX(Teams!A:A,MATCH("D2",Teams!C:C,0)),"D2") -> Elon | F5: 11 | G5: =IF(OR(D5="",F5=""),"",IF(D5=F5,"Draw",IF(D5>F5,C5,E5))) -> Clemson B
A6: 9:42 AM | B6: Field 1 | C6: =IFERROR(INDEX(Teams!A:A,MATCH("A2",Teams!C:C,0)),"A2") -> Vtech A | D6: 30 | E6: =IFERROR(INDEX(Teams!A:A,MATCH("A3",Teams!C:C,0)),"A3") -> Clemson A | F6: 10 | G6: =IF(OR(D6="",F6=""),"",IF(D6=F6,"Draw",IF(D6>F6,C6,E6))) -> Vtech A
A7: 9:42 AM | B7: Field 2 | C7: =IFERROR(INDEX(Teams!A:A,MATCH("C1",Teams!C:C,0)),"C1") -> Appstate | D7: 28 | E7: =IFERROR(INDEX(Teams!A:A,MATCH("C3",Teams!C:C,0)),"C3") -> WFU | F7: 30 | G7: =IF(OR(D7="",F7=""),"",IF(D7=F7,"Draw",IF(D7>F7,C7,E7))) -> WFU
A8: 10:03 AM | B8: Field 1 | C8: =IFERROR(INDEX(Teams!A:A,MATCH("B2",Teams!C:C,0)),"B2") -> Chapel Hill Blues | D8: 35 | E8: =IFERROR(INDEX(Teams!A:A,MATCH("B3",Teams!C:C,0)),"B3") -> Triad Titans | F8: 24 | G8: =IF(OR(D8="",F8=""),"",IF(D8=F8,"Draw",IF(D8>F8,C8,E8))) -> Chapel Hill Blues
A9: 10:03 AM | B9: Field 2 | C9: =IFERROR(INDEX(Teams!A:A,MATCH("D1",Teams!C:C,0)),"D1") -> Clemson B | D9: 9 | E9: =IFERROR(INDEX(Teams!A:A,MATCH("D3",Teams!C:C,0)),"D3") -> Lander | F9: 25 | G9: =IF(OR(D9="",F9=""),"",IF(D9=F9,"Draw",IF(D9>F9,C9,E9))) -> Lander
A10: 10:24 AM | B10: Field 1 | C10: =IFERROR(INDEX(Teams!A:A,MATCH("A3",Teams!C:C,0)),"A3") -> Clemson A | D10: 20 | E10: =IFERROR(INDEX(Teams!A:A,MATCH("A1",Teams!C:C,0)),"A1") -> Duke | F10: 8 | G10: =IF(OR(D10="",F10=""),"",IF(D10=F10,"Draw",IF(D10>F10,C10,E10))) -> Clemson A
A11: 10:24 AM | B11: Field 2 | C11: =IFERROR(INDEX(Teams!A:A,MATCH("C1",Teams!C:C,0)),"C1") -> Appstate | D11: 7 | E11: =IFERROR(INDEX(Teams!A:A,MATCH("C4",Teams!C:C,0)),"C4") -> Vtech B | F11: 9 | G11: =IF(OR(D11="",F11=""),"",IF(D11=F11,"Draw",IF(D11>F11,C11,E11))) -> Vtech B
A12: 10:45 AM | B12: Field 1 | C12: =IFERROR(INDEX(Teams!A:A,MATCH("B3",Teams!C:C,0)),"B3") -> Triad Titans | D12: 13 | E12: =IFERROR(INDEX(Teams!A:A,MATCH("B1",Teams!C:C,0)),"B1") -> Greensboro Grit | F12: 14 | G12: =IF(OR(D12="",F12=""),"",IF(D12=F12,"Draw",IF(D12>F12,C12,E12))) -> Greensboro Grit
A13: 10:45 AM | B13: Field 2 | C13: =IFERROR(INDEX(Teams!A:A,MATCH("D1",Teams!C:C,0)),"D1") -> Clemson B | D13: 23 | E13: =IFERROR(INDEX(Teams!A:A,MATCH("D4",Teams!C:C,0)),"D4") -> Outer Banks Orcas | F13: 26 | G13: =IF(OR(D13="",F13=""),"",IF(D13=F13,"Draw",IF(D13>F13,C13,E13))) -> Outer Banks Orcas
A14: 11:06 AM | B14: Field 1 | C14: =IFERROR(INDEX(Teams!A:A,MATCH("C2",Teams!C:C,0)),"C2") -> Emory and Henry | D14: 7 | E14: =IFERROR(INDEX(Teams!A:A,MATCH("C3",Teams!C:C,0)),"C3") -> WFU | F14: 24 | G14: =IF(OR(D14="",F14=""),"",IF(D14=F14,"Draw",IF(D14>F14,C14,E14))) -> WFU
A15: 11:06 AM | B15: Field 2 | C15: =IFERROR(INDEX(Teams!A:A,MATCH("D2",Teams!C:C,0)),"D2") -> Elon | D15: 13 | E15: =IFERROR(INDEX(Teams!A:A,MATCH("D3",Teams!C:C,0)),"D3") -> Lander | F15: 29 | G15: =IF(OR(D15="",F15=""),"",IF(D15=F15,"Draw",IF(D15>F15,C15,E15))) -> Lander
A16: 11:27 AM | B16: Field 1 | C16: =IFERROR(INDEX(Teams!A:A,MATCH("C2",Teams!C:C,0)),"C2") -> Emory and Henry | D16: 27 | E16: =IFERROR(INDEX(Teams!A:A,MATCH("C4",Teams!C:C,0)),"C4") -> Vtech B | F16: 29 | G16: =IF(OR(D16="",F16=""),"",IF(D16=F16,"Draw",IF(D16>F16,C16,E16))) -> Vtech B
A17: 11:27 AM | B17: Field 2 | C17: =IFERROR(INDEX(Teams!A:A,MATCH("D2",Teams!C:C,0)),"D2") -> Elon | D17: 24 | E17: =IFERROR(INDEX(Teams!A:A,MATCH("D4",Teams!C:C,0)),"D4") -> Outer Banks Orcas | F17: 20 | G17: =IF(OR(D17="",F17=""),"",IF(D17=F17,"Draw",IF(D17>F17,C17,E17))) -> Elon
A18: 11:48 AM | B18: Field 1 | C18: =IFERROR(INDEX(Teams!A:A,MATCH("C3",Teams!C:C,0)),"C3") -> WFU | D18: 14 | E18: =IFERROR(INDEX(Teams!A:A,MATCH("C4",Teams!C:C,0)),"C4") -> Vtech B | F18: 21 | G18: =IF(OR(D18="",F18=""),"",IF(D18=F18,"Draw",IF(D18>F18,C18,E18))) -> Vtech B
A19: 11:48 AM | B19: Field 2 | C19: =IFERROR(INDEX(Teams!A:A,MATCH("D3",Teams!C:C,0)),"D3") -> Lander | D19: 25 | E19: =IFERROR(INDEX(Teams!A:A,MATCH("D4",Teams!C:C,0)),"D4") -> Outer Banks Orcas | F19: 15 | G19: =IF(OR(D19="",F19=""),"",IF(D19=F19,"Draw",IF(D19>F19,C19,E19))) -> Lander

Sheet Standings
A1: Pool | B1: Seed | C1: Team | D1: Wins | E1: Draws | F1: Points | G1: SeedNum | H1: Rank | I1: PosKey
A2: A | B2: A1 | C2: Wake Forest | D2: =COUNTIF(Pool_Play!$G:$G,C2) -> 0 | E2: =COUNTIFS(Pool_Play!$G:$G,"Draw",Pool_Play!$C:$C,C2)+COUNTIFS(Pool_Play!$G:$G,"Draw",Pool_Play!$E:$E,C2) -> 0 | F2: =D2*3+E2 -> 0 | G2: =VALUE(MID(B2,2,2)) -> 1 | H2: =1+SUMPRODUCT((($A$2:$A$15=A2)*($F$2:$F$15>F2))+(($A$2:$A$15=A2)*($F$2:$F$15=F2)*($G$2:$G$15<G2))) -> 1 | I2: =A2&"-"&H2 -> A-1
A3: A | B3: A2 | C3: Durham Storm | D3: =COUNTIF(Pool_Play!$G:$G,C3) -> 0 | E3: =COUNTIFS(Pool_Play!$G:$G,"Draw",Pool_Play!$C:$C,C3)+COUNTIFS(Pool_Play!$G:$G,"Draw",Pool_Play!$E:$E,C3) -> 0 | F3: =D3*3+E3 -> 0 | G3: =VALUE(MID(B3,2,2)) -> 2 | H3: =1+SUMPRODUCT((($A$2:$A$15=A3)*($F$2:$F$15>F3))+(($A$2:$A$15=A3)*($F$2:$F$15=F3)*($G$2:$G$15<G3))) -> 2 | I3: =A3&"-"&H3 -> A-2
A4: A | B4: A3 | C4: Raleigh Raptors | D4: =COUNTIF(Pool_Play!$G:$G,C4) -> 0 | E4: =COUNTIFS(Pool_Play!$G:$G,"Draw",Pool_Play!$C:$C,C4)+COUNTIFS(Pool_Play!$G:$G,"Draw",Pool_Play!$E:$E,C4) -> 0 | F4: =D4*3+E4 -> 0 | G4: =VALUE(MID(B4,2,2)) -> 3 | H4: =1+SUMPRODUCT((($A$2:$A$15=A4)*($F$2:$F$15>F4))+(($A$2:$A$15=A4)*($F$2:$F$15=F4)*($G$2:$G$15<G4))) -> 3 | I4: =A4&"-"&H4 -> A-3
A5: B | B5: B1 | C5: Greensboro Grit | D5: =COUNTIF(Pool_Play!$G:$G,C5) -> 2 | E5: =COUNTIFS(Pool_Play!$G:$G,"Draw",Pool_Play!$C:$C,C5)+COUNTIFS(Pool_Play!$G:$G,"Draw",Pool_Play!$E:$E,C5) -> 0 | F5: =D5*3+E5 -> 6 | G5: =VALUE(MID(B5,2,2)) -> 1 | H5: =1+SUMPRODUCT((($A$2:$A$15=A5)*($F$2:$F$15>F5))+(($A$2:$A$15=A5)*($F$2:$F$15=F5)*($G$2:$G$15<G5))) -> 1 | I5: =A5&"-"&H5 -> B-1
A6: B | B6: B2 | C6: Chapel Hill Blues | D6: =COUNTIF(Pool_Play!$G:$G,C6) -> 1 | E6: =COUNTIFS(Pool_Play!$G:$G,"Draw",Pool_Play!$C:$C,C6)+COUNTIFS(Pool_Play!$G:$G,"Draw",Pool_Play!$E:$E,C6) -> 0 | F6: =D6*3+E6 -> 3 | G6: =VALUE(MID(B6,2,2)) -> 2 | H6: =1+SUMPRODUCT((($A$2:$A$15=A6)*($F$2:$F$15>F6))+(($A$2:$A$15=A6)*($F$2:$F$15=F6)*($G$2:$G$15<G6))) -> 2 | I6: =A6&"-"&H6 -> B-2
A7: B | B7: B3 | C7: Triad Titans | D7: =COUNTIF(Pool_Play!$G:$G,C7) -> 0 | E7: =COUNTIFS(Pool_Play!$G:$G,"Draw",Pool_Play!$C:$C,C7)+COUNTIFS(Pool_Play!$G:$G,"Draw",Pool_Play!$E:$E,C7) -> 0 | F7: =D7*3+E7 -> 0 | G7: =VALUE(MID(B7,2,2)) -> 3 | H7: =1+SUMPRODUCT((($A$2:$A$15=A7)*($F$2:$F$15>F7))+(($A$2:$A$15=A7)*($F$2:$F$15=F7)*($G$2:$G$15<G7))) -> 3 | I7: =A7&"-"&H7 -> B-3
A8: C | B8: C1 | C8: Charlotte Flyers | D8: =COUNTIF(Pool_Play!$G:$G,C8) -> 0 | E8: =COUNTIFS(Pool_Play!$G:$G,"Draw",Pool_Play!$C:$C,C8)+COUNTIFS(Pool_Play!$G:$G,"Draw",Pool_Play!$E:$E,C8) -> 0 | F8: =D8*3+E8 -> 0 | G8: =VALUE(MID(B8,2,2)) -> 1 | H8: =1+SUMPRODUCT((($A$2:$A$15=A8)*($F$2:$F$15>F8))+(($A$2:$A$15=A8)*($F$2:$F$15=F8)*($G$2:$G$15<G8))) -> 1 | I8: =A8&"-"&H8 -> C-1
A9: C | B9: C2 | C9: Cary Cobras | D9: =COUNTIF(Pool_Play!$G:$G,C9) -> 0 | E9: =COUNTIFS(Pool_Play!$G:$G,"Draw",Pool_Play!$C:$C,C9)+COUNTIFS(Pool_Play!$G:$G,"Draw",Pool_Play!$E:$E,C9) -> 0 | F9: =D9*3+E9 -> 0 | G9: =VALUE(MID(B9,2,2)) -> 2 | H9: =1+SUMPRODUCT((($A$2:$A$15=A9)*($F$2:$F$15>F9))+(($A$2:$A$15=A9)*($F$2:$F$15=F9)*($G$2:$G$15<G9))) -> 2 | I9: =A9&"-"&H9 -> C-2
A10: C | B10: C3 | C10: Fayetteville Foxes | D10: =COUNTIF(Pool_Play!$G:$G,C10) -> 0 | E10: =COUNTIFS(Pool_Play!$G:$G,"Draw",Pool_Play!$C:$C,C10)+COUNTIFS(Pool_Play!$G:$G,"Draw",Pool_Play!$E:$E,C10) -> 0 | F10: =D10*3+E10 -> 0 | G10: =VALUE(MID(B10,2,2)) -> 3 | H10: =1+SUMPRODUCT((($A$2:$A$15=A10)*($F$2:$F$15>F10))+(($A$2:$A$15=A10)*($F$2:$F$15=F10)*($G$2:$G$15<G10))) -> 3 | I10: =A10&"-"&H10 -> C-3
A11: C | B11: C4 | C11: Hickory Hounds | D11: =COUNTIF(Pool_Play!$G:$G,C11) -> 0 | E11: =COUNTIFS(Pool_Play!$G:$G,"Draw",Pool_Play!$C:$C,C11)+COUNTIFS(Pool_Play!$G:$G,"Draw",Pool_Play!$E:$E,C11) -> 0 | F11: =D11*3+E11 -> 0 | G11: =VALUE(MID(B11,2,2)) -> 4 | H11: =1+SUMPRODUCT((($A$2:$A$15=A11)*($F$2:$F$15>F11))+(($A$2:$A$15=A11)*($F$2:$F$15=F11)*($G$2:$G$15<G11))) -> 4 | I11: =A11&"-"&H11 -> C-4
A12: D | B12: D1 | C12: Asheville Arrows | D12: =COUNTIF(Pool_Play!$G:$G,C12) -> 0 | E12: =COUNTIFS(Pool_Play!$G:$G,"Draw",Pool_Play!$C:$C,C12)+COUNTIFS(Pool_Play!$G:$G,"Draw",Pool_Play!$E:$E,C12) -> 0 | F12: =D12*3+E12 -> 0 | G12: =VALUE(MID(B12,2,2)) -> 1 | H12: =1+SUMPRODUCT((($A$2:$A$15=A12)*($F$2:$F$15>F12))+(($A$2:$A$15=A12)*($F$2:$F$15=F12)*($G$2:$G$15<G12))) -> 2 | I12: =A12&"-"&H12 -> D-2
A13: D | B13: D2 | C13: Wilmington Waves | D13: =COUNTIF(Pool_Play!$G:$G,C13) -> 0 | E13: =COUNTIFS(Pool_Play!$G:$G,"Draw",Pool_Play!$C:$C,C13)+COUNTIFS(Pool_Play!$G:$G,"Draw",Pool_Play!$E:$E,C13) -> 0 | F13: =D13*3+E13 -> 0 | G13: =VALUE(MID(B13,2,2)) -> 2 | H13: =1+SUMPRODUCT((($A$2:$A$15=A13)*($F$2:$F$15>F13))+(($A$2:$A$15=A13)*($F$2:$F$15=F13)*($G$2:$G$15<G13))) -> 3 | I13: =A13&"-"&H13 -> D-3
... A15: D | B15: D4 | C15: Outer Banks Orcas | D15: =COUNTIF(Pool_Play!$G:$G,C15) -> 1 | E15: =COUNTIFS(Pool_Play!$G:$G,"Draw",Pool_Play!$C:$C,C15)+COUNTIFS(Pool_Play!$G:$G,"Draw",Pool_Play!$E:$E,C15) -> 0 | F15: =D15*3+E15 -> 3 | G15: =VALUE(MID(B15,2,2)) -> 4 | H15: =1+SUMPRODUCT((($A$2:$A$15=A15)*($F$2:$F$15>F15))+(($A$2:$A$15=A15)*($F$2:$F$15=F15)*($G$2:$G$15<G15))) -> 1 | I15: =A15&"-"&H15 -> D-1

Sheet Championship
A1: Time | B1: Match | C1: Team 1 | D1: Score 1 | E1: Team 2 | F1: Score 2 | G1: Winner | H1: Loser
A2: 12:39 PM | B2: QF1 | C2: =IFERROR(INDEX(Standings!C:C,MATCH("C-1",Standings!I:I,0)),"TBD") -> Charlotte Flyers | D2: 32 | E2: =IFERROR(INDEX(Standings!C:C,MATCH("A-3",Standings!I:I,0)),"TBD") -> Raleigh Raptors | F2: 34 | G2: =IF(OR(D2="",F2=""),"",IF(D2=F2,"Draw",IF(D2>F2,C2,E2))) -> Raleigh Raptors | H2: =IF(OR(D2="",F2=""),"",IF(D2=F2,"Draw",IF(D2<F2,C2,E2))) -> Charlotte Flyers
A3: 1:00 PM | B3: QF2 | C3: =IFERROR(INDEX(Standings!C:C,MATCH("D-1",Standings!I:I,0)),"TBD") -> Outer Banks Orcas | D3: 7 | E3: =IFERROR(INDEX(Standings!C:C,MATCH("B-3",Standings!I:I,0)),"TBD") -> Triad Titans | F3: 31 | G3: =IF(OR(D3="",F3=""),"",IF(D3=F3,"Draw",IF(D3>F3,C3,E3))) -> Triad Titans | H3: =IF(OR(D3="",F3=""),"",IF(D3=F3,"Draw",IF(D3<F3,C3,E3))) -> Outer Banks Orcas
A4: 1:21 PM | B4: QF3 | C4: =IFERROR(INDEX(Standings!C:C,MATCH("A-1",Standings!I:I,0)),"TBD") -> Wake Forest | D4: 32 | E4: =IFERROR(INDEX(Standings!C:C,MATCH("C-4",Standings!I:I,0)),"TBD") -> Hickory Hounds | F4: 12 | G4: =IF(OR(D4="",F4=""),"",IF(D4=F4,"Draw",IF(D4>F4,C4,E4))) -> Wake Forest | H4: =IF(OR(D4="",F4=""),"",IF(D4=F4,"Draw",IF(D4<F4,C4,E4))) -> Hickory Hounds
A5: 1:42 PM | B5: QF4 | C5: =IFERROR(INDEX(Standings!C:C,MATCH("B-1",Standings!I:I,0)),"TBD") -> Greensboro Grit | D5: 29 | E5: =IFERROR(INDEX(Standings!C:C,MATCH("D-4",Standings!I:I,0)),"TBD") -> High Point Hawks | F5: 20 | G5: =IF(OR(D5="",F5=""),"",IF(D5=F5,"Draw",IF(D5>F5,C5,E5))) -> Greensboro Grit | H5: =IF(OR(D5="",F5=""),"",IF(D5=F5,"Draw",IF(D5<F5,C5,E5))) -> High Point Hawks
A6: 2:03 PM | B6: SF1 | C6: =Championship!G2 -> Raleigh Raptors | D6: 17 | E6: =Championship!G3 -> Triad Titans | F6: 15 | G6: =IF(OR(D6="",F6=""),"",IF(D6=F6,"Draw",IF(D6>F6,C6,E6))) -> Raleigh Raptors | H6: =IF(OR(D6="",F6=""),"",IF(D6=F6,"Draw",IF(D6<F6,C6,E6))) -> Triad Titans
A7: 2:24 PM | B7: EC1 | C7: =Championship!H2 -> Charlotte Flyers | D7: 11 | E7: =Championship!H3 -> Outer Banks Orcas | F7: 13 | G7: =IF(OR(D7="",F7=""),"",IF(D7=F7,"Draw",IF(D7>F7,C7,E7))) -> Outer Banks Orcas | H7: =IF(OR(D7="",F7=""),"",IF(D7=F7,"Draw",IF(D7<F7,C7,E7))) -> Charlotte Flyers
A8: 2:45 PM | B8: SF2 | C8: =Championship!G4 -> Wake Forest | D8: 31 | E8: =Championship!G5 -> Greensboro Grit | F8: 17 | G8: =IF(OR(D8="",F8=""),"",IF(D8=F8,"Draw",IF(D8>F8,C8,E8))) -> Wake Forest | H8: =IF(OR(D8="",F8=""),"",IF(D8=F8,"Draw",IF(D8<F8,C8,E8))) -> Greensboro Grit
A9: 3:06 PM | B9: EC2 | C9: =Championship!H4 -> Hickory Hounds | D9: 10 | E9: =Championship!H5 -> High Point Hawks | F9: 9 | G9: =IF(OR(D9="",F9=""),"",IF(D9=F9,"Draw",IF(D9>F9,C9,E9))) -> Hickory Hounds | H9: =IF(OR(D9="",F9=""),"",IF(D9=F9,"Draw",IF(D9<F9,C9,E9))) -> High Point Hawks
A10: 4:09 PM | B10: EC Final | C10: =Championship!G7 -> Outer Banks Orcas | D10: 19 | E10: =Championship!G9 -> Hickory Hounds | F10: 10 | G10: =IF(OR(D10="",F10=""),"",IF(D10=F10,"Draw",IF(D10>F10,C10,E10))) -> Outer Banks Orcas | H10: =IF(OR(D10="",F10=""),"",IF(D10=F10,"Draw",IF(D10<F10,C10,E10))) -> Hickory Hounds
A11: 4:30 PM | B11: Final | C11: =Championship!G6 -> Raleigh Raptors | D11: 18 | E11: =Championship!G8 -> Wake Forest | F11: 34 | G11: =IF(OR(D11="",F11=""),"",IF(D11=F11,"Draw",IF(D11>F11,C11,E11))) -> Wake Forest | H11: =IF(OR(D11="",F11=""),"",IF(D11=F11,"Draw",IF(D11<F11,C11,E11))) -> Raleigh Raptors

Sheet Bracket
A1: Quarterfinals
A2: =Championship!C2 -> Charlotte Flyers | B2: =Championship!E2 -> Raleigh Raptors | C2: =Championship!D2 -> 32 | D2: =Championship!F2 -> 34
A3: =Championship!C3 -> Outer Banks Orcas | B3: =Championship!E3 -> Triad Titans | C3: =Championship!D3 -> 7 | D3: =Championship!F3 -> 31
A4: =Championship!C4 -> Wake Forest | B4: =Championship!E4 -> Hickory Hounds | C4: =Championship!D4 -> 32 | D4: =Championship!F4 -> 12
A5: =Championship!C5 -> Greensboro Grit | B5: =Championship!E5 -> High Point Hawks | C5: =Championship!D5 -> 29 | D5: =Championship!F5 -> 20
A6: Semifinals
A7: =Championship!C6 -> Raleigh Raptors | B7: =Championship!E6 -> Triad Titans | C7: =Championship!D6 -> 17 | D7: =Championship!F6 -> 15
A8: =Championship!C8 -> Wake Forest | B8: =Championship!E8 -> Greensboro Grit | C8: =Championship!D8 -> 31 | D8: =Championship!F8 -> 17
A9: Final
A10: =Championship!C11 -> Raleigh Raptors | B10: =Championship!E11 -> Wake Forest | C10: =Championship!D11 -> 18 | D10: =Championship!F11 -> 34
A11: Consolation Elite
A12: =Championship!C7 -> Charlotte Flyers | B12: =Championship!E7 -> Outer Banks Orcas | C12: =Championship!D7 -> 11 | D12: =Championship!F7 -> 13
A13: =Championship!C9 -> Hickory Hounds | B13: =Championship!E9 -> High Point Hawks | C13: =Championship!D9 -> 10 | D13: =Championship!F9 -> 9
A14: Elite Consolation Championship
A15: =Championship!C10 -> Outer Banks Orcas | B15: =Championship!E10 -> Hickory Hounds | C15: =Championship!D10 -> 19 | D15: =Championship!F10 -> 10
A16: Consolation Development
A17: =IFERROR(INDEX(Standings!C:C,MATCH("C-2",Standings!I:I,0)),"TBD") -> Cary Cobras | B17: =IFERROR(INDEX(Standings!C:C,MATCH("D-2",Standings!I:I,0)),"TBD") -> Asheville Arrows
A18: =IFERROR(INDEX(Standings!C:C,MATCH("C-3",Standings!I:I,0)),"TBD") -> Fayetteville Foxes | B18: =IFERROR(INDEX(Standings!C:C,MATCH("D-3",Standings!I:I,0)),"TBD") -> Wilmington Waves
A19: =IFERROR(INDEX(Standings!C:C,MATCH("C-4",Standings!I:I,0)),"TBD") -> Hickory Hounds | B19: =IFERROR(INDEX(Standings!C:C,MATCH("D-4",Standings!I:I,0)),"TBD") -> High Point Hawks

Sheet Schedule
A1: Time | B1: F1 Team1 | C1: F1 Score | D1: F1 Team2 | E1: F2 Team1 | F1: F2 Score | G1: F2 Team2
A2: 9:00 AM | B2: =Pool_Play!C2 -> Duke | C2: =IF(OR(Pool_Play!D2="",Pool_Play!F2=""),"",Pool_Play!D2&"-"&Pool_Play!F2) -> 27-10 | D2: =Pool_Play!E2 -> Vtech A | E2: =Pool_Play!C3 -> Appstate | F2: =IF(OR(Pool_Play!D3="",Pool_Play!F3=""),"",Pool_Play!D3&"-"&Pool_Play!F3) -> 7-30 | G2: =Pool_Play!E3 -> Emory and Henry
A3: 9:21 AM | B3: =Pool_Play!C4 -> Greensboro Grit | C3: =IF(OR(Pool_Play!D4="",Pool_Play!F4=""),"",Pool_Play!D4&"-"&Pool_Play!F4) -> 15-14 | D3: =Pool_Play!E4 -> Chapel Hill Blues | E3: =Pool_Play!C5 -> Clemson B | F3: =IF(OR(Pool_Play!D5="",Pool_Play!F5=""),"",Pool_Play!D5&"-"&Pool_Play!F5) -> 14-11 | G3: =Pool_Play!E5 -> Elon
A4: 9:42 AM | B4: =Pool_Play!C6 -> Vtech A | C4: =IF(OR(Pool_Play!D6="",Pool_Play!F6=""),"",Pool_Play!D6&"-"&Pool_Play!F6) -> 30-10 | D4: =Pool_Play!E6 -> Clemson A | E4: =Pool_Play!C7 -> Appstate | F4: =IF(OR(Pool_Play!D7="",Pool_Play!F7=""),"",Pool_Play!D7&"-"&Pool_Play!F7) -> 28-30 | G4: =Pool_Play!E7 -> WFU
A5: 10:03 AM | B5: =Pool_Play!C8 -> Chapel Hill Blues | C5: =IF(OR(Pool_Play!D8="",Pool_Play!F8=""),"",Pool_Play!D8&"-"&Pool_Play!F8) -> 35-24 | D5: =Pool_Play!E8 -> Triad Titans | E5: =Pool_Play!C9 -> Clemson B | F5: =IF(OR(Pool_Play!D9="",Pool_Play!F9=""),"",Pool_Play!D9&"-"&Pool_Play!F9) -> 9-25 | G5: =Pool_Play!E9 -> Lander
A6: 10:24 AM | B6: =Pool_Play!C10 -> Clemson A | C6: =IF(OR(Pool_Play!D10="",Pool_Play!F10=""),"",Pool_Play!D10&"-"&Pool_Play!F10) -> 20-8 | D6: =Pool_Play!E10 -> Duke | E6: =Pool_Play!C11 -> Appstate | F6: =IF(OR(Pool_Play!D11="",Pool_Play!F11=""),"",Pool_Play!D11&"-"&Pool_Play!F11) -> 7-9 | G6: =Pool_Play!E11 -> Vtech B
A7: 10:45 AM | B7: =Pool_Play!C12 -> Triad Titans | C7: =IF(OR(Pool_Play!D12="",Pool_Play!F12=""),"",Pool_Play!D12&"-"&Pool_Play!F12) -> 13-14 | D7: =Pool_Play!E12 -> Greensboro Grit | E7: =Pool_Play!C13 -> Clemson B | F7: =IF(OR(Pool_Play!D13="",Pool_Play!F13=""),"",Pool_Play!D13&"-"&Pool_Play!F13) -> 23-26 | G7: =Pool_Play!E13 -> Outer Banks Orcas
A8: 11:06 AM | B8: =Pool_Play!C14 -> Emory and Henry | C8: =IF(OR(Pool_Play!D14="",Pool_Play!F14=""),"",Pool_Play!D14&"-"&Pool_Play!F14) -> 7-24 | D8: =Pool_Play!E14 -> WFU | E8: =Pool_Play!C15 -> Elon | F8: =IF(OR(Pool_Play!D15="",Pool_Play!F15=""),"",Pool_Play!D15&"-"&Pool_Play!F15) -> 13-29 | G8: =Pool_Play!E15 -> Lander
A9: 11:27 AM | B9: =Pool_Play!C16 -> Emory and Henry | C9: =IF(OR(Pool_Play!D16="",Pool_Play!F16=""),"",Pool_Play!D16&"-"&Pool_Play!F16) -> 27-29 | D9: =Pool_Play!E16 -> Vtech B | E9: =Pool_Play!C17 -> Elon | F9: =IF(OR(Pool_Play!D17="",Pool_Play!F17=""),"",Pool_Play!D17&"-"&Pool_Play!F17) -> 24-20 | G9: =Pool_Play!E17 -> Outer Banks Orcas
A10: 11:48 AM | B10: =Pool_Play!C18 -> WFU | C10: =IF(OR(Pool_Play!D18="",Pool_Play!F18=""),"",Pool_Play!D18&"-"&Pool_Play!F18) -> 14-21 | D10: =Pool_Play!E18 -> Vtech B | E10: =Pool_Play!C19 -> Lander | F10: =IF(OR(Pool_Play!D19="",Pool_Play!F19=""),"",Pool_Play!D19&"-"&Pool_Play!F19) -> 25-15 | G10: =Pool_Play!E19 -> Outer Banks Orcas
